Workbook
Name _: #REF!
Name __________________Lx1: #REF!
Name __________________Ly1: #REF!
Name __________________Lz1: #REF!
Name __________________Lz2: #REF!
Name __________________Mf1: #REF!
Name __________________Mf2: #REF!
Name __________________Wf1: #REF!
Name __________________Wf2: #REF!
Name _________________Lx1: #REF!
Name _________________Ly1: #REF!
Name _________________Lz1: #REF!
Name _________________Lz2: #REF!
Name _________________Mf1: #REF!
Name _________________Mf2: #REF!
Name _________________Wf1: #REF!
Name _________________Wf2: #REF!
Name ________________Lx1: #REF!
Name ________________Ly1: #REF!
Name ________________Lz1: #REF!
Name ________________Lz2: #REF!
Name ________________Mf1: #REF!
Name ________________Mf2: #REF!
Name ________________Wf1: #REF!
Name ________________Wf2: #REF!
Name _______________Lx1: #REF!
Name _______________Ly1: #REF!
Name _______________Lz1: #REF!
Name _______________Lz2: #REF!
Name _______________Mf1: #REF!
Name _______________Mf2: #REF!
Name _______________Wf1: #REF!
Name _______________Wf2: #REF!
Name ______________Lx1: #REF!
Name ______________Ly1: #REF!
Name ______________Lz1: #REF!
Name ______________Lz2: #REF!
Name ______________Mf1: #REF!
Name ______________Mf2: #REF!
Name ______________Wf1: #REF!
Name ______________Wf2: #REF!
Name _____________Lx1: #REF!
Name _____________Ly1: #REF!
Name _____________Lz1: #REF!
Name _____________Lz2: #REF!
Name _____________Mf1: #REF!
Name _____________Mf2: #REF!
Name _____________Wf1: #REF!
Name _____________Wf2: #REF!
Name ____________HSH1: #REF!
Name ____________HSH2: #REF!
Name ____________Lx1: #REF!
Name ____________Ly1: #REF!
Name ____________Lz1: #REF!
Name ____________Lz2: #REF!
Name ____________Mf1: #REF!
Name ____________Mf2: #REF!
Name ____________NP1: #REF!
Name ____________NP2: #REF!
Name ____________NSH1: #REF!

Sheet QUOTATION
G3: 5341 Perimeter Parkway Ct. Montgomery AL 36116 Email : tkelectricoffice@gmail.com
A4: Q U O T A T I O N
A6: 1 | B6: SERVICE PROVIDER | P6: 8 | Q6: PO NUMBER / DATE OF QUOTATION
B7: TK ELECTRIC LLC | P7: TKM101027 | Y7: 46070
B8: 765 Us Highway 80, Eden, GA 31307
A9: 2 | B9: CONSIGNEE | P9: 9 | Q9: REMARKS
B10: HMGMA
B11: Bryan County Megasite, Ellabell, GA 31308
A12: 3 | B12: CONTACT
B13: Mr. Hyungjoon Jang
B14: Hyungjoon.Jang@hmgma.com
A15: 4 | B15: PROJECT NAME | H15: 5 | I15: SERVICE PERIOD
B16: 800_POD INSPECTION | I16: 2026
A18: 6 | B18: CARRIER | H18: 7 | I18: SERVICE LOCATION | P18: 10 | Q18: PROJECT MANAGER | Y18: 11 | Z18: SAFETY MANAGER
B19: TK ELECTRIC LLC | I19: Ellabell ,GA | Q19: Park, Junggu | Z19: CHRIS, HILGER
A21: 12 | B21: PROJECT NAME & DESCRIPTION | P21: 13 | Q21: QTY | U21: 14 | V21: UNIT | Y21: 15 | Z21: S. TOTAL
A22: ='B.O.Q'!C9 -> ■POD INSPECTION
A23: ='B.O.Q'!C10 -> □ POWER DISTRIBUTION PLAN | P23: 1 | U23: LOT | Y23: =P23 -> 1
A24: ='B.O.Q'!C11 -> □ GROUNDING PLAN | P24: 1 | U24: LOT | Y24: =P24 -> 1
A25: ='B.O.Q'!C12 -> □ MECHANICAL POWER PLAN | P25: 1 | U25: LOT | Y25: =P25 -> 1
A26: ='B.O.Q'!C13 -> □ LIGHTING PLAN | P26: 1 | U26: LOT | Y26: =P26 -> 1
A27: CONDITIONS AND TERMS | P27: MATERIALS | Y27: ='B.O.Q'!M9 -> 244974.04
P28: LABOR | Y28: ='B.O.Q'!N9 -> 185226.87
P29: EXPENSE | Y29: ='B.O.Q'!O9 -> 30711.3
P30: EQUIPMENT | Y30: ='B.O.Q'!L15 -> 9300
P31: SUB. TOTAL | Y31: =SUM(Y27:AC30) -> 470212.21
P33: SAFETY / MANAGEMENT | Y33: ='B.O.Q'!L18 -> 18851.309
Y34: =SUM(Y31:AC33) -> 489063.52
A35: APPROVED BY : | P35: G. TOTAL | Y35: 489000
A38: DATE : | E38: =Y7 -> 46070 | W38: TAE K. KIM / PRESIDENT

Sheet B.O.Q
C1: [ B.O.Q ]
C2: PROJECT :POD INSPECTION
C3: CONSTRUCTION PERIOD : '2026
C4: SUBCONTRACTOR : TK ELECTRIC LLC
C5: 품 명 DESCRIPTION OF WORK | E5: 규 격 SPECIFICATION | F5: 단 위 UNIT | G5: Bill of Quantity | P5: 비 고 REMARKS
G6: 수 량 Q'ty | H6: ITEM PRICE PER ITEM | K6: 단 가 Unit Price | L6: 금 액 Amount | M6: ITEM PRICE PER CLASSIFICATION
H7: MATERIAL | I7: LABOR | J7: EXPENSE | M7: MATERIAL | N7: LABOR | O7: EXPENSE | Y7: 46045
C8: ■ Direct construction cost
C9: =Details!C4 -> ■POD INSPECTION | F9: L/S | L9: =SUM(L10:L15) -> 470212.21 | M9: =SUM(M10:M14) -> 244974.04 | N9: =SUM(N10:N14) -> 185226.87 | O9: =SUM(O10:O14) -> 30711.3
C10: =" "&C58 -> □ POWER DISTRIBUTION PLAN | F10: L/S | G10: 1 | H10: =M10 -> 188331.94 | I10: =N10 -> 123434.87 | J10: =O10 -> 22472.55 | L10: =L92 -> 334239.36 | M10: =M92 -> 188331.94 | N10: =N92 -> 123434.87 | O10: =O92 -> 22472.55
C11: =" "&C93 -> □ GROUNDING PLAN | F11: L/S | G11: 1 | H11: =M11 -> 11212.46 | I11: =N11 -> 8627.79 | J11: =O11 -> 1414.64 | L11: =L101 -> 21254.89 | M11: =M101 -> 11212.46 | N11: =N101 -> 8627.79 | O11: =O101 -> 1414.64
C12: =" "&C102 -> □ MECHANICAL POWER PLAN | F12: L/S | G12: 1 | H12: =M12 -> 15049.99 | I12: =N12 -> 10457.59 | J12: =O12 -> 1831.4 | L12: =L118 -> 27338.98 | M12: =M118 -> 15049.99 | N12: =N118 -> 10457.59 | O12: =O118 -> 1831.4
B13: VPC Parking lot B3_Highmast installation | C13: =" "&C119 -> □ LIGHTING PLAN | F13: L/S | G13: 1 | H13: =M13 -> 26672.25 | I13: =N13 -> 34514.34 | J13: =O13 -> 4204.61 | L13: =L133 -> 65391.2 | M13: =M133 -> 26672.25 | N13: =N133 -> 34514.34 | O13: =O133 -> 4204.61
C14: =" "&C134 -> □ RECEPTACLE PLAN | F14: L/S | G14: 1 | H14: =M14 -> 3707.4 | I14: =N14 -> 8192.28 | J14: =O14 -> 788.1 | L14: =L142 -> 12687.78 | M14: =M142 -> 3707.4 | N14: =N142 -> 8192.28 | O14: =O142 -> 788.1
C15: □ RENTAL EQUIPMENT | F15: L/S | G15: 1 | H15: =M15 -> 0 | I15: =N15 -> 0 | J15: =O15 -> 9300 | L15: =L148 -> 9300 | M15: =M148 -> 0 | N15: =N148 -> 0 | O15: =O148 -> 9300
C16: Sub. Total | L16: =L9 -> 470212.21 | M16: =M9 -> 244974.04 | N16: =N9 -> 185226.87 | O16: =O9 -> 30711.3
B17: Parking lot C1_Highmast installation | C17: ■ Indirect construction cost
C18: SAFETY / MANAGEMENT | F18: L/S | G18: 1 | L18: =SUM(L10:L14)*0.0409 -> 18851.309
C20: Sub. Total | L20: =SUM(L18:L19) -> 18851.309 | M20: =SUM(M18:M19) -> 0 | N20: =SUM(N18:N19) -> 0 | O20: =SUM(O18:O19) -> 0
C21: Grand Total | L21: =L20+L16 -> 489063.52
P35: G. TOTAL
C56: =C9 -> ■POD INSPECTION
C57: =Details!C5&Details!D5 -> 1.POD INSPECTION
B58: =C58&E58 -> □ POWER DISTRIBUTION PLAN | C58: =Details!C6 -> □ POWER DISTRIBUTION PLAN
B59: =C59&E59 -> NEW PANEL(PO-8001)600 AMP 480/277V NEMA1 | C59: NEW PANEL(PO-8001) | E59: 600 AMP 480/277V NEMA1 | F59: EA | G59: 1 | H59: 12145 | I59: 680 | J59: =(H59*0.08)+(I59*0.06) -> 1012.4 | K59: =SUM(H59:J59) -> 13837.4 | L59: =SUM(M59:O59) -> 13837.4 | M59: =TRUNC(G59*H59,2) -> 12145 | N59: =TRUNC(G59*I59,2) -> 680 | O59: =TRUNC(G59*J59,2) -> 1012.4
B60: =C60&E60 -> TRANSFORMER (TRO-8001)45KVA 480:208/120V) | C60: TRANSFORMER (TRO-8001) | E60: 45KVA 480:208/120V) | F60: EA | G60: 1 | H60: 3887 | I60: 800 | J60: =(H60*0.08)+(I60*0.06) -> 358.96 | K60: =SUM(H60:J60) -> 5045.96 | L60: =SUM(M60:O60) -> 5045.96 | M60: =TRUNC(G60*H60,2) -> 3887 | N60: =TRUNC(G60*I60,2) -> 800 | O60: =TRUNC(G60*J60,2) -> 358.96
B61: =C61&E61 -> NEW PANEL(PO-LDP)125 AMP 208/120V 3PH,4W 42CKT | C61: NEW PANEL(PO-LDP) | E61: 125 AMP 208/120V 3PH,4W 42CKT | F61: EA | G61: 1 | H61: 1600 | I61: 340 | J61: =(H61*0.08)+(I61*0.06) -> 148.4 | K61: =SUM(H61:J61) -> 2088.4 | L61: =SUM(M61:O61) -> 2088.4 | M61: =TRUNC(G61*H61,2) -> 1600 | N61: =TRUNC(G61*I61,2) -> 340 | O61: =TRUNC(G61*J61,2) -> 148.4
B62: =C62&E62 -> PVC CONDUIT, SCHEDULE 404" | C62: PVC CONDUIT, SCHEDULE 40 | E62: 4" | F62: FT | G62: 2000 | H62: 8.1128823 | I62: 11 | J62: =(H62*0.08)+(I62*0.06) -> 1.3090306 | K62: =SUM(H62:J62) -> 20.421913 | L62: =SUM(M62:O62) -> 40843.82 | M62: =TRUNC(G62*H62,2) -> 16225.76 | N62: =TRUNC(G62*I62,2) -> 22000 | O62: =TRUNC(G62*J62,2) -> 2618.06
B63: =C63&E63 -> PVC CONDUIT, SCHEDULE 40 ELBOW4" | C63: PVC CONDUIT, SCHEDULE 40 ELBOW | E63: 4" | F63: FT | G63: 8 | H63: 21.76537 | I63: 15 | J63: =(H63*0.08)+(I63*0.06) -> 2.6412296 | K63: =SUM(H63:J63) -> 39.4066 | L63: =SUM(M63:O63) -> 315.24 | M63: =TRUNC(G63*H63,2) -> 174.12 | N63: =TRUNC(G63*I63,2) -> 120 | O63: =TRUNC(G63*J63,2) -> 21.12
B64: =C64&E64 -> MANHOLE (CONCRETE TYPE)5'W x 5'H x 5'D | C64: MANHOLE (CONCRETE TYPE) | E64: 5'W x 5'H x 5'D | F64: EA | G64: 5 | H64: 7200 | I64: 5800 | J64: =(H64*0.08)+(I64*0.06) -> 924 | K64: =SUM(H64:J64) -> 13924 | L64: =SUM(M64:O64) -> 69620 | M64: =TRUNC(G64*H64,2) -> 36000 | N64: =TRUNC(G64*I64,2) -> 29000 | O64: =TRUNC(G64*J64,2) -> 4620
B65: =C65&E65 -> Asphalt cutting, Excavate, Concrete back filling, Asphalt finish3'W x 4'H (Asphalt cutting) 110ft | C65: Asphalt cutting, Excavate, Concrete back filling, Asphalt finish | E65: 3'W x 4'H (Asphalt cutting) 110ft | F65: FT | G65: 1000 | H65: 16.4 | I65: 9.8 | J65: =(H65*0.08)+(I65*0.06) -> 1.9 | K65: =SUM(H65:J65) -> 28.1 | L65: =SUM(M65:O65) -> 28100 | M65: =TRUNC(G65*H65,2) -> 16400 | N65: =TRUNC(G65*I65,2) -> 9800 | O65: =TRUNC(G65*J65,2) -> 1900
B66: =C66&E66 -> Single Conductor (THHN/THWN) - StrandedAWG #350 | C66: Single Conductor (THHN/THWN) - Stranded | E66: AWG #350 | F66: EA | G66: 8800 | H66: 9.84 | I66: 5.72 | J66: =(H66*0.08)+(I66*0.06) -> 1.1304 | K66: =SUM(H66:J66) -> 16.6904 | L66: =SUM(M66:O66) -> 146875.52 | M66: =TRUNC(G66*H66,2) -> 86592 | N66: =TRUNC(G66*I66,2) -> 50336 | O66: =TRUNC(G66*J66,2) -> 9947.52
B67: =C67&E67 -> Single Conductor (THHN/THWN) - StrandedAWG #1/0 (GROUNDING) | C67: Single Conductor (THHN/THWN) - Stranded | E67: AWG #1/0 (GROUNDING) | F67: FT | G67: 2200 | H67: 3.344 | I67: 1.8 | J67: =(H67*0.08)+(I67*0.06) -> 0.37552 | K67: =SUM(H67:J67) -> 5.51952 | L67: =SUM(M67:O67) -> 12142.94 | M67: =TRUNC(G67*H67,2) -> 7356.8 | N67: =TRUNC(G67*I67,2) -> 3960 | O67: =TRUNC(G67*J67,2) -> 826.14
B68: =C68&E68 -> LIQUIDTIGHT FLEXIBLE CONDUIT1-1/2" | C68: LIQUIDTIGHT FLEXIBLE CONDUIT | E68: 1-1/2" | F68: EA | G68: 6 | H68: 6.1776807 | I68: 8.53875 | J68: =(H68*0.08)+(I68*0.06) -> 1.0065395 | K68: =SUM(H68:J68) -> 15.72297 | L68: =SUM(M68:O68) -> 94.32 | M68: =TRUNC(G68*H68,2) -> 37.06 | N68: =TRUNC(G68*I68,2) -> 51.23 | O68: =TRUNC(G68*J68,2) -> 6.03 | RV68: 18.84 | RW68: =12.09*1.2 -> 14.508
B69: =C69&E69 -> CONDUIT HANGER SUPPORT1-1/2" | C69: CONDUIT HANGER SUPPORT | E69: 1-1/2" | F69: FT | G69: 4 | H69: 12.38 | I69: 14.66 | J69: =(H69*0.08)+(I69*0.06) -> 1.87 | K69: =SUM(H69:J69) -> 28.91 | L69: =SUM(M69:O69) -> 115.64 | M69: =TRUNC(G69*H69,2) -> 49.52 | N69: =TRUNC(G69*I69,2) -> 58.64 | O69: =TRUNC(G69*J69,2) -> 7.48
B70: =C70&E70 -> ELECTRICAL METALLIC TUBING (EMT)+FITTING1-1/2" | C70: ELECTRICAL METALLIC TUBING (EMT)+FITTING | E70: 1-1/2" | F70: EA | G70: 10 | H70: 3.1022035 | I70: 4.269375 | J70: =(H70*0.08)+(I70*0.06) -> 0.50433878 | K70: =SUM(H70:J70) -> 7.8759173 | L70: =SUM(M70:O70) -> 78.75 | M70: =TRUNC(G70*H70,2) -> 31.02 | N70: =TRUNC(G70*I70,2) -> 42.69 | O70: =TRUNC(G70*J70,2) -> 5.04
B71: =C71&E71 -> Single Conductor (THHN/THWN-2) - StrandedAWG#4 | C71: Single Conductor (THHN/THWN-2) - Stranded | E71: AWG#4 | F71: FT | G71: 60 | H71: 2.0288946 | I71: 1.449 | J71: =(H71*0.08)+(I71*0.06) -> 0.24925157 | K71: =SUM(H71:J71) -> 3.7271462 | L71: =SUM(M71:O71) -> 223.62 | M71: =TRUNC(G71*H71,2) -> 121.73 | N71: =TRUNC(G71*I71,2) -> 86.94 | O71: =TRUNC(G71*J71,2) -> 14.95
B72: =C72&E72 -> Single Conductor (THHN/THWN-2) - StrandedAWG#8(GROUNDING) | C72: Single Conductor (THHN/THWN-2) - Stranded | E72: AWG#8(GROUNDING) | F72: EA | G72: 20 | H72: 0.58891543 | I72: 0.905625 | J72: =(H72*0.08)+(I72*0.06) -> 0.10145073 | K72: =SUM(H72:J72) -> 1.5959912 | L72: =SUM(M72:O72) -> 31.9 | M72: =TRUNC(G72*H72,2) -> 11.77 | N72: =TRUNC(G72*I72,2) -> 18.11 | O72: =TRUNC(G72*J72,2) -> 2.02
B73: =C73&E73 -> Single Conductor (THHN/THWN-2) - StrandedAWG#1 | C73: Single Conductor (THHN/THWN-2) - Stranded | E73: AWG#1 | F73: FT | G73: 80 | H73: 2.33 | I73: 1.64 | J73: =(H73*0.08)+(I73*0.06) -> 0.2848 | K73: =SUM(H73:J73) -> 4.2548 | L73: =SUM(M73:O73) -> 340.38 | M73: =TRUNC(G73*H73,2) -> 186.4 | N73: =TRUNC(G73*I73,2) -> 131.2 | O73: =TRUNC(G73*J73,2) -> 22.78
B74: =C74&E74 -> Single Conductor (THHN/THWN-2) - StrandedAWG#6(GROUNDING) | C74: Single Conductor (THHN/THWN-2) - Stranded | E74: AWG#6(GROUNDING) | F74: EA | G74: 20 | H74: 0.87 | I74: 1.04 | J74: =(H74*0.08)+(I74*0.06) -> 0.132 | K74: =SUM(H74:J74) -> 2.042 | L74: =SUM(M74:O74) -> 40.84 | M74: =TRUNC(G74*H74,2) -> 17.4 | N74: =TRUNC(G74*I74,2) -> 20.8 | O74: =TRUNC(G74*J74,2) -> 2.64
B75: =C75&E75 -> LIQUIDTIGHT FLEXIBLE CONDUIT2" | C75: LIQUIDTIGHT FLEXIBLE CONDUIT | E75: 2" | F75: FT | G75: 6 | H75: 6.18 | I75: 8.54 | J75: =(H75*0.08)+(I75*0.06) -> 1.0068 | K75: =SUM(H75:J75) -> 15.7268 | L75: =SUM(M75:O75) -> 94.36 | M75: =TRUNC(G75*H75,2) -> 37.08 | N75: =TRUNC(G75*I75,2) -> 51.24 | O75: =TRUNC(G75*J75,2) -> 6.04
B76: =C76&E76 -> ELECTRICAL METALLIC TUBING (EMT)+FITTING2" | C76: ELECTRICAL METALLIC TUBING (EMT)+FITTING | E76: 2" | F76: EA | G76: 10 | H76: 3.6339298 | I76: 4.838625 | J76: =(H76*0.08)+(I76*0.06) -> 0.58103188 | K76: =SUM(H76:J76) -> 9.0535866 | L76: =SUM(M76:O76) -> 90.52 | M76: =TRUNC(G76*H76,2) -> 36.33 | N76: =TRUNC(G76*I76,2) -> 48.38 | O76: =TRUNC(G76*J76,2) -> 5.81
B77: =C77&E77 -> CONDUIT HANGER SUPPORT2" | C77: CONDUIT HANGER SUPPORT | E77: 2" | F77: FT | G77: 4 | H77: 14.38 | I77: 16.66 | J77: =(H77*0.08)+(I77*0.06) -> 2.15 | K77: =SUM(H77:J77) -> 33.19 | L77: =SUM(M77:O77) -> 132.76 | M77: =TRUNC(G77*H77,2) -> 57.52 | N77: =TRUNC(G77*I77,2) -> 66.64 | O77: =TRUNC(G77*J77,2) -> 8.6
B78: =C78&E78 -> PVC CONDUIT, SCHEDULE 401" ( TR Ground) | C78: PVC CONDUIT, SCHEDULE 40 | E78: 1" ( TR Ground) | F78: EA | G78: 30 | H78: 0.759 | I78: 3.0245 | J78: =(H78*0.08)+(I78*0.06) -> 0.24219 | K78: =SUM(H78:J78) -> 4.02569 | L78: =SUM(M78:O78) -> 120.76 | M78: =TRUNC(G78*H78,2) -> 22.77 | N78: =TRUNC(G78*I78,2) -> 90.73 | O78: =TRUNC(G78*J78,2) -> 7.26
B79: =C79&E79 -> Single Conductor (THHN/THWN-2) - StrandedAWG#6(TR GROUNDING) | C79: Single Conductor (THHN/THWN-2) - Stranded | E79: AWG#6(TR GROUNDING) | F79: FT | G79: 30 | H79: 0.87 | I79: 1.04 | J79: =(H79*0.08)+(I79*0.06) -> 0.132 | K79: =SUM(H79:J79) -> 2.042 | L79: =SUM(M79:O79) -> 61.26 | M79: =TRUNC(G79*H79,2) -> 26.1 | N79: =TRUNC(G79*I79,2) -> 31.2 | O79: =TRUNC(G79*J79,2) -> 3.96
B80: =C80&E80 -> CONNECTION AND TERMINATION#350 Kcmil COMPRESSION TYPE | C80: CONNECTION AND TERMINATION | E80: #350 Kcmil COMPRESSION TYPE | F80: EA | G80: 16 | H80: 21.659 | I80: 19.711 | J80: =(H80*0.08)+(I80*0.06) -> 2.91538 | K80: =SUM(H80:J80) -> 44.28538 | L80: =SUM(M80:O80) -> 708.55 | M80: =TRUNC(G80*H80,2) -> 346.54 | N80: =TRUNC(G80*I80,2) -> 315.37 | O80: =TRUNC(G80*J80,2) -> 46.64
... B86: =C86&E86 -> ALUMINUM CABLE TRAY (LADDER TYPE)24"Width, 4"height, 9"rung spacing | C86: ALUMINUM CABLE TRAY (LADDER TYPE) | E86: 24"Width, 4"height, 9"rung spacing | F86: EA | G86: 170 | H86: 19.0476 | I86: 19.23 | J86: =(H86*0.08)+(I86*0.06) -> 2.677608 | K86: =SUM(H86:J86) -> 40.955208 | L86: =SUM(M86:O86) -> 6962.38 | M86: =TRUNC(G86*H86,2) -> 3238.09 | N86: =TRUNC(G86*I86,2) -> 3269.1 | O86: =TRUNC(G86*J86,2) -> 455.19
C87: ALUMINUM HORIZONTAL ELBOW (LADDER TYPE) | E87: 24"Width, 4"height, 9"rung spacing | F87: FT | G87: 2 | H87: 182 | I87: 42.15 | J87: =(H87*0.08)+(I87*0.06) -> 17.089 | K87: =SUM(H87:J87) -> 241.239 | L87: =SUM(M87:O87) -> 482.47 | M87: =TRUNC(G87*H87,2) -> 364 | N87: =TRUNC(G87*I87,2) -> 84.3 | O87: =TRUNC(G87*J87,2) -> 34.17
C88: ALUMINUM VERTICAL ELBOW (LADDER TYPE) | E88: 24"Width, 4"height, 9"rung spacing | F88: EA | G88: 1 | H88: 195 | I88: 44.25 | J88: =(H88*0.08)+(I88*0.06) -> 18.255 | K88: =SUM(H88:J88) -> 257.505 | L88: =SUM(M88:O88) -> 257.5 | M88: =TRUNC(G88*H88,2) -> 195 | N88: =TRUNC(G88*I88,2) -> 44.25 | O88: =TRUNC(G88*J88,2) -> 18.25
C89: CABLE TRAY SUPPORT | E89: 24" Width including beam clamp, square washer, unistrut, 2 rods(length:4ft~8ft, dia: 9/16"), etc | F89: FT | G89: 29 | H89: 78.09 | I89: 51.9 | J89: =(H89*0.08)+(I89*0.06) -> 9.3612 | K89: =SUM(H89:J89) -> 139.3512 | L89: =SUM(M89:O89) -> 4041.18 | M89: =TRUNC(G89*H89,2) -> 2264.61 | N89: =TRUNC(G89*I89,2) -> 1505.1 | O89: =TRUNC(G89*J89,2) -> 271.47
C90: CABLE TRAY BONDING JUMPER | E90: 12" | F90: EA | G90: 22 | H90: 34.969 | I90: 14.23125 | J90: =(H90*0.08)+(I90*0.06) -> 3.651395 | K90: =SUM(H90:J90) -> 52.851645 | L90: =SUM(M90:O90) -> 1162.72 | M90: =TRUNC(G90*H90,2) -> 769.31 | N90: =TRUNC(G90*I90,2) -> 313.08 | O90: =TRUNC(G90*J90,2) -> 80.33
C92: [ Sub Total ] | L92: =SUBTOTAL(9,L59:L91) -> 334239.36 | M92: =SUBTOTAL(9,M59:M91) -> 188331.94 | N92: =SUBTOTAL(9,N59:N91) -> 123434.87 | O92: =SUBTOTAL(9,O59:O91) -> 22472.55
C93: =Details!C39 -> □ GROUNDING PLAN
C94: Single Conductor (THHN/THWN) - BARE | E94: AWG#4/0(GROUNDING) | F94: SET | G94: 540 | H94: 5.2684728 | I94: 4.4737875 | J94: =(H94*0.08)+(I94*0.06) -> 0.68990508 | K94: =SUM(H94:J94) -> 10.432165 | L94: =SUM(M94:O94) -> 5633.35 | M94: =TRUNC(G94*H94,2) -> 2844.97 | N94: =TRUNC(G94*I94,2) -> 2415.84 | O94: =TRUNC(G94*J94,2) -> 372.54
C95: Excavation /w backfill | E95: W8" x H24" MESH | F95: FT | G95: 460 | H95: 17.2 | I95: 8.5 | J95: =(H95*0.08)+(I95*0.06) -> 1.886 | K95: =SUM(H95:J95) -> 27.586 | L95: =SUM(M95:O95) -> 12689.56 | M95: =TRUNC(G95*H95,2) -> 7912 | N95: =TRUNC(G95*I95,2) -> 3910 | O95: =TRUNC(G95*J95,2) -> 867.56
C96: PVC CONDUIT, SCHEDULE 40 | E96: 1" | F96: EA | G96: 40 | H96: 1.475903 | I96: 2.047 | J96: =(H96*0.08)+(I96*0.06) -> 0.24089224 | K96: =SUM(H96:J96) -> 3.7637952 | L96: =SUM(M96:O96) -> 150.54 | M96: =TRUNC(G96*H96,2) -> 59.03 | N96: =TRUNC(G96*I96,2) -> 81.88 | O96: =TRUNC(G96*J96,2) -> 9.63
C97: COPPER ROD | E97: 3/4 " X 10 ' | F97: EA | G97: 8 | H97: 29.19004 | I97: 256.1625 | J97: =(H97*0.08)+(I97*0.06) -> 17.704953 | K97: =SUM(H97:J97) -> 303.05749 | L97: =SUM(M97:O97) -> 2424.45 | M97: =TRUNC(G97*H97,2) -> 233.52 | N97: =TRUNC(G97*I97,2) -> 2049.3 | O97: =TRUNC(G97*J97,2) -> 141.63
C98: EXOTHEMIC WELDING CONNECTION (COLUMN) | E98: Mold , Ultra Shot , #90 , Weld to Column | F98: FT | G98: 4 | H98: 13.57994 | I98: 14.23125 | J98: =(H98*0.08)+(I98*0.06) -> 1.9402702 | K98: =SUM(H98:J98) -> 29.75146 | L98: =SUM(M98:O98) -> 118.99 | M98: =TRUNC(G98*H98,2) -> 54.31 | N98: =TRUNC(G98*I98,2) -> 56.92 | O98: =TRUNC(G98*J98,2) -> 7.76
C99: EXOTHEMIC WELDING CONNECTION (GROUND ROD) | E99: Mold , Ultra Shot , #90 , Weld to Rod | F99: EA | G99: 8 | H99: 13.57994 | I99: 14.23125 | J99: =(H99*0.08)+(I99*0.06) -> 1.9402702 | K99: =SUM(H99:J99) -> 29.75146 | L99: =SUM(M99:O99) -> 238 | M99: =TRUNC(G99*H99,2) -> 108.63 | N99: =TRUNC(G99*I99,2) -> 113.85 | O99: =TRUNC(G99*J99,2) -> 15.52
K100: =SUM(H100:J100) -> 0 | L100: =SUM(M100:O100) -> 0 | M100: =TRUNC(G100*H100,2) -> 0 | N100: =TRUNC(G100*I100,2) -> 0 | O100: =TRUNC(G100*J100,2) -> 0
C101: [ Sub Total ] | L101: =SUBTOTAL(9,L94:L100) -> 21254.89 | M101: =SUBTOTAL(9,M94:M100) -> 11212.46 | N101: =SUBTOTAL(9,N94:N100) -> 8627.79 | O101: =SUBTOTAL(9,O94:O100) -> 1414.64
C102: =Details!C47 -> □ MECHANICAL POWER PLAN
C103: CONDUIT HANGER SUPPORT | E103: 2-1/2" | F103: SET | G103: 15 | H103: 14.38 | I103: 15.66 | J103: =(H103*0.08)+(I103*0.06) -> 2.09 | K103: =SUM(H103:J103) -> 32.13 | L103: =SUM(M103:O103) -> 481.95 | M103: =TRUNC(G103*H103,2) -> 215.7 | N103: =TRUNC(G103*I103,2) -> 234.9 | O103: =TRUNC(G103*J103,2) -> 31.35
C104: CONDUIT HANGER SUPPORT | E104: 3/4" | F104: SET | G104: 111 | H104: 12.38 | I104: 14.66 | J104: =(H104*0.08)+(I104*0.06) -> 1.87 | K104: =SUM(H104:J104) -> 28.91 | L104: =SUM(M104:O104) -> 3209.01 | M104: =TRUNC(G104*H104,2) -> 1374.18 | N104: =TRUNC(G104*I104,2) -> 1627.26 | O104: =TRUNC(G104*J104,2) -> 207.57
C105: CONNECTION AND TERMINATION | E105: AWG#3/0 COMPRESSION TYPE | F105: EA | G105: 18 | H105: 11.684 | I105: 9.4877208 | J105: =(H105*0.08)+(I105*0.06) -> 1.5039832 | K105: =SUM(H105:J105) -> 22.675704 | L105: =SUM(M105:O105) -> 408.15 | M105: =TRUNC(G105*H105,2) -> 210.31 | N105: =TRUNC(G105*I105,2) -> 170.77 | O105: =TRUNC(G105*J105,2) -> 27.07
C106: CONNECTION AND TERMINATION | E106: AWG#6 COMPRESSION TYPE | F106: FT | G106: 6 | H106: 2.67 | I106: 4.53 | J106: =(H106*0.08)+(I106*0.06) -> 0.4854 | K106: =SUM(H106:J106) -> 7.6854 | L106: =SUM(M106:O106) -> 46.11 | M106: =TRUNC(G106*H106,2) -> 16.02 | N106: =TRUNC(G106*I106,2) -> 27.18 | O106: =TRUNC(G106*J106,2) -> 2.91
C107: CONNECTION AND TERMINATION | E107: AWG#10 COMPRESSION TYPE | F107: EA | G107: 132 | H107: 0.76 | I107: 3.02 | J107: =(H107*0.08)+(I107*0.06) -> 0.242 | K107: =SUM(H107:J107) -> 4.022 | L107: =SUM(M107:O107) -> 530.9 | M107: =TRUNC(G107*H107,2) -> 100.32 | N107: =TRUNC(G107*I107,2) -> 398.64 | O107: =TRUNC(G107*J107,2) -> 31.94
C108: DISCONNECT SWITCH | E108: 480V, 30 NEMA 1 (Without Fuse) | F108: FT | G108: 6 | H108: 142.85457 | I108: 77.625 | J108: =(H108*0.08)+(I108*0.06) -> 16.085865 | K108: =SUM(H108:J108) -> 236.56543 | L108: =SUM(M108:O108) -> 1419.38 | M108: =TRUNC(G108*H108,2) -> 857.12 | N108: =TRUNC(G108*I108,2) -> 465.75 | O108: =TRUNC(G108*J108,2) -> 96.51
C109: ELECTRICAL METALLIC TUBING (EMT) ELBOW | E109: 2-1/2" | F109: EA | G109: 3 | H109: 22.5 | I109: 86.85 | J109: =(H109*0.08)+(I109*0.06) -> 7.011 | K109: =SUM(H109:J109) -> 116.361 | L109: =SUM(M109:O109) -> 349.08 | M109: =TRUNC(G109*H109,2) -> 67.5 | N109: =TRUNC(G109*I109,2) -> 260.55 | O109: =TRUNC(G109*J109,2) -> 21.03
C110: ELECTRICAL METALLIC TUBING (EMT)+FITTING | E110: 2-1/2" | F110: FT | G110: 90 | H110: 5.521681 | I110: 9.108 | J110: =(H110*0.08)+(I110*0.06) -> 0.98821448 | K110: =SUM(H110:J110) -> 15.617895 | L110: =SUM(M110:O110) -> 1405.6 | M110: =TRUNC(G110*H110,2) -> 496.95 | N110: =TRUNC(G110*I110,2) -> 819.72 | O110: =TRUNC(G110*J110,2) -> 88.93
C111: ELECTRICAL METALLIC TUBING (EMT)+FITTING | E111: 3/4" | F111: FT | G111: 540 | H111: 1.16 | I111: 2.99 | J111: =(H111*0.08)+(I111*0.06) -> 0.2722 | K111: =SUM(H111:J111) -> 4.4222 | L111: =SUM(M111:O111) -> 2387.98 | M111: =TRUNC(G111*H111,2) -> 626.4 | N111: =TRUNC(G111*I111,2) -> 1614.6 | O111: =TRUNC(G111*J111,2) -> 146.98
C112: LIQUIDTIGHT FLEXIBLE CONDUIT | E112: 3/4" | F112: FT | G112: 72 | H112: 1.58 | I112: 2.82 | J112: =(H112*0.08)+(I112*0.06) -> 0.2956 | K112: =SUM(H112:J112) -> 4.6956 | L112: =SUM(M112:O112) -> 338.08 | M112: =TRUNC(G112*H112,2) -> 113.76 | N112: =TRUNC(G112*I112,2) -> 203.04 | O112: =TRUNC(G112*J112,2) -> 21.28
C113: LIQUIDTIGHT FLEXIBLE CONDUIT CONNECTOR | E113: 3/4" | F113: EA | G113: 24 | H113: 4.25 | I113: 3.14 | J113: =(H113*0.08)+(I113*0.06) -> 0.5284 | K113: =SUM(H113:J113) -> 7.9184 | L113: =SUM(M113:O113) -> 190.04 | M113: =TRUNC(G113*H113,2) -> 102 | N113: =TRUNC(G113*I113,2) -> 75.36 | O113: =TRUNC(G113*J113,2) -> 12.68
C114: Multi Conductor (THHN/THWN-2) - Stranded | E114: (3PH+1N+GROUNDING) AWG#10 | F114: FT | G114: 2130 | H114: 1.48 | I114: 1.1380084 | J114: =(H114*0.08)+(I114*0.06) -> 0.1866805 | K114: =SUM(H114:J114) -> 2.8046889 | L114: =SUM(M114:O114) -> 5973.97 | M114: =TRUNC(G114*H114,2) -> 3152.4 | N114: =TRUNC(G114*I114,2) -> 2423.95 | O114: =TRUNC(G114*J114,2) -> 397.62
... C116: Single Conductor (THHN/THWN-2) - Stranded | E116: AWG#6(GROUNDING) | F116: FT | G116: 540 | H116: 0.87 | I116: 1.04 | J116: =(H116*0.08)+(I116*0.06) -> 0.132 | K116: =SUM(H116:J116) -> 2.042 | L116: =SUM(M116:O116) -> 1102.68 | M116: =TRUNC(G116*H116,2) -> 469.8 | N116: =TRUNC(G116*I116,2) -> 561.6 | O116: =TRUNC(G116*J116,2) -> 71.28
C118: [ Sub Total ] | L118: =SUBTOTAL(9,L103:L117) -> 27338.98 | M118: =SUBTOTAL(9,M103:M117) -> 15049.99 | N118: =SUBTOTAL(9,N103:N117) -> 10457.59 | O118: =SUBTOTAL(9,O103:O117) -> 1831.4
C119: =Details!C139 -> □ LIGHTING PLAN
C120: LED FLOOD LIGHTING | E120: LED 95W | F120: EA | G120: 36 | H120: 308 | I120: 225.9635 | J120: =(H120*0.08)+(I120*0.06) -> 38.19781 | K120: =SUM(H120:J120) -> 572.16131 | L120: =SUM(M120:O120) -> 20597.8 | M120: =TRUNC(G120*H120,2) -> 11088 | N120: =TRUNC(G120*I120,2) -> 8134.68 | O120: =TRUNC(G120*J120,2) -> 1375.12
C121: LED LIGHTING Canopy | E121: LED 20W | F121: EA | G121: 14 | H121: 90 | I121: 129.122 | J121: =(H121*0.08)+(I121*0.06) -> 14.94732 | K121: =SUM(H121:J121) -> 234.06932 | L121: =SUM(M121:O121) -> 3276.96 | M121: =TRUNC(G121*H121,2) -> 1260 | N121: =TRUNC(G121*I121,2) -> 1807.7 | O121: =TRUNC(G121*J121,2) -> 209.26
C122: WALL MOUNTED | E122: LED 80W | F122: EA | G122: 4 | H122: 330 | I122: 250 | J122: =(H122*0.08)+(I122*0.06) -> 41.4 | K122: =SUM(H122:J122) -> 621.4 | L122: =SUM(M122:O122) -> 2485.6 | M122: =TRUNC(G122*H122,2) -> 1320 | N122: =TRUNC(G122*I122,2) -> 1000 | O122: =TRUNC(G122*J122,2) -> 165.6
C123: EMERGENCY EXIT LED SIGN | E123: LED 2W | F123: EA | G123: 12 | H123: 103.53 | I123: 64.5 | J123: =(H123*0.08)+(I123*0.06) -> 12.1524 | K123: =SUM(H123:J123) -> 180.1824 | L123: =SUM(M123:O123) -> 2162.18 | M123: =TRUNC(G123*H123,2) -> 1242.36 | N123: =TRUNC(G123*I123,2) -> 774 | O123: =TRUNC(G123*J123,2) -> 145.82
C124: CONDUIT HANGER SUPPORT | E124: 3/4" | F124: SET | G124: 375 | H124: 12.38 | I124: 14.66 | J124: =(H124*0.08)+(I124*0.06) -> 1.87 | K124: =SUM(H124:J124) -> 28.91 | L124: =SUM(M124:O124) -> 10841.25 | M124: =TRUNC(G124*H124,2) -> 4642.5 | N124: =TRUNC(G124*I124,2) -> 5497.5 | O124: =TRUNC(G124*J124,2) -> 701.25
C125: CONNECTION AND TERMINATION | E125: AWG#10 | F125: EA | G125: 288 | H125: 3.0245 | I125: 2.0229549 | J125: =(H125*0.08)+(I125*0.06) -> 0.36333729 | K125: =SUM(H125:J125) -> 5.4107922 | L125: =SUM(M125:O125) -> 1558.3 | M125: =TRUNC(G125*H125,2) -> 871.05 | N125: =TRUNC(G125*I125,2) -> 582.61 | O125: =TRUNC(G125*J125,2) -> 104.64
C126: CONNECTION AND TERMINATION | E126: AWG#12(GROUNDING) | F126: EA | G126: 144 | H126: 2.98 | I126: 2 | J126: =(H126*0.08)+(I126*0.06) -> 0.3584 | K126: =SUM(H126:J126) -> 5.3384 | L126: =SUM(M126:O126) -> 768.72 | M126: =TRUNC(G126*H126,2) -> 429.12 | N126: =TRUNC(G126*I126,2) -> 288 | O126: =TRUNC(G126*J126,2) -> 51.6
C127: ELECTRICAL METALLIC TUBING (EMT)+FITTING | E127: 3/4" | F127: FT | G127: 2240 | H127: 1.16 | I127: 2.99 | J127: =(H127*0.08)+(I127*0.06) -> 0.2722 | K127: =SUM(H127:J127) -> 4.4222 | L127: =SUM(M127:O127) -> 9905.72 | M127: =TRUNC(G127*H127,2) -> 2598.4 | N127: =TRUNC(G127*I127,2) -> 6697.6 | O127: =TRUNC(G127*J127,2) -> 609.72
C128: JUNCTION BOX, NEMA-1 | E128: 4" X 4" X 2" (1/2" & 3/4" KNOCK OUT ) pigtail / wire connector / blank cover / label | F128: EA | G128: 83 | H128: 8.9 | I128: 35.8 | J128: =(H128*0.08)+(I128*0.06) -> 2.86 | K128: =SUM(H128:J128) -> 47.56 | L128: =SUM(M128:O128) -> 3947.48 | M128: =TRUNC(G128*H128,2) -> 738.7 | N128: =TRUNC(G128*I128,2) -> 2971.4 | O128: =TRUNC(G128*J128,2) -> 237.38
C129: Single Conductor (THHN/THWN-2) - Stranded | E129: AWG#10 | F129: FT | G129: 4600 | H129: 0.39 | I129: 0.97 | J129: =(H129*0.08)+(I129*0.06) -> 0.0894 | K129: =SUM(H129:J129) -> 1.4494 | L129: =SUM(M129:O129) -> 6667.24 | M129: =TRUNC(G129*H129,2) -> 1794 | N129: =TRUNC(G129*I129,2) -> 4462 | O129: =TRUNC(G129*J129,2) -> 411.24
C130: Single Conductor (THHN/THWN-2) - Stranded | E130: AWG#12(GROUNDING) | F130: FT | G130: 2300 | H130: 0.29 | I130: 0.95 | J130: =(H130*0.08)+(I130*0.06) -> 0.0802 | K130: =SUM(H130:J130) -> 1.3202 | L130: =SUM(M130:O130) -> 3036.46 | M130: =TRUNC(G130*H130,2) -> 667 | N130: =TRUNC(G130*I130,2) -> 2185 | O130: =TRUNC(G130*J130,2) -> 184.46
C131: WALL SWITCH | E131: 120-277V, SINGLE POLE | F131: EA | G131: 2 | H131: 10.56 | I131: 56.925 | J131: =(H131*0.08)+(I131*0.06) -> 4.2603 | K131: =SUM(H131:J131) -> 71.7453 | L131: =SUM(M131:O131) -> 143.49 | M131: =TRUNC(G131*H131,2) -> 21.12 | N131: =TRUNC(G131*I131,2) -> 113.85 | O131: =TRUNC(G131*J131,2) -> 8.52
C133: [ Sub Total ] | L133: =SUBTOTAL(9,L120:L132) -> 65391.2 | M133: =SUBTOTAL(9,M120:M132) -> 26672.25 | N133: =SUBTOTAL(9,N120:N132) -> 34514.34 | O133: =SUBTOTAL(9,O120:O132) -> 4204.61
C134: =Details!C178 -> □ RECEPTACLE PLAN
C135: CONDUIT HANGER SUPPORT | E135: 3/4" | F135: SET | G135: 117 | H135: 12.38 | I135: 14.66 | J135: =(H135*0.08)+(I135*0.06) -> 1.87 | K135: =SUM(H135:J135) -> 28.91 | L135: =SUM(M135:O135) -> 3382.47 | M135: =TRUNC(G135*H135,2) -> 1448.46 | N135: =TRUNC(G135*I135,2) -> 1715.22 | O135: =TRUNC(G135*J135,2) -> 218.79
C136: ELECTRICAL METALLIC TUBING (EMT)+FITTING | E136: 3/4" | F136: FT | G136: 720 | H136: 1.16 | I136: 2.99 | J136: =(H136*0.08)+(I136*0.06) -> 0.2722 | K136: =SUM(H136:J136) -> 4.4222 | L136: =SUM(M136:O136) -> 3183.98 | M136: =TRUNC(G136*H136,2) -> 835.2 | N136: =TRUNC(G136*I136,2) -> 2152.8 | O136: =TRUNC(G136*J136,2) -> 195.98
C137: JUNCTION BOX, NEMA-1 | E137: 4" X 4" X 2" (1/2" & 3/4" KNOCK OUT ) pigtail / wire connector / blank cover / label | F137: EA | G137: 24 | H137: 8.9 | I137: 35.8 | J137: =(H137*0.08)+(I137*0.06) -> 2.86 | K137: =SUM(H137:J137) -> 47.56 | L137: =SUM(M137:O137) -> 1141.44 | M137: =TRUNC(G137*H137,2) -> 213.6 | N137: =TRUNC(G137*I137,2) -> 859.2 | O137: =TRUNC(G137*J137,2) -> 68.64
C138: RECEPTACLE | E138: 120V, 20A DUPLEX. | F138: EA | G138: 12 | H138: 15.38 | I138: 62.67 | J138: =(H138*0.08)+(I138*0.06) -> 4.9906 | K138: =SUM(H138:J138) -> 83.0406 | L138: =SUM(M138:O138) -> 996.48 | M138: =TRUNC(G138*H138,2) -> 184.56 | N138: =TRUNC(G138*I138,2) -> 752.04 | O138: =TRUNC(G138*J138,2) -> 59.88
C139: Receptacle Metal Cover | E139: 1Gang 4" X 4" | F139: EA | G139: 12 | H139: 2.54 | I139: 2.11 | J139: =(H139*0.08)+(I139*0.06) -> 0.3298 | K139: =SUM(H139:J139) -> 4.9798 | L139: =SUM(M139:O139) -> 59.75 | M139: =TRUNC(G139*H139,2) -> 30.48 | N139: =TRUNC(G139*I139,2) -> 25.32 | O139: =TRUNC(G139*J139,2) -> 3.95
C140: Single Conductor (THHN/THWN-2) - Stranded | E140: AWG#10 | F140: FT | G140: 1860 | H140: 0.39 | I140: 0.97 | J140: =(H140*0.08)+(I140*0.06) -> 0.0894 | K140: =SUM(H140:J140) -> 1.4494 | L140: =SUM(M140:O140) -> 2695.88 | M140: =TRUNC(G140*H140,2) -> 725.4 | N140: =TRUNC(G140*I140,2) -> 1804.2 | O140: =TRUNC(G140*J140,2) -> 166.28
C141: Single Conductor (THHN/THWN-2) - Stranded | E141: AWG#12(GROUNDING) | F141: FT | G141: 930 | H141: 0.29 | I141: 0.95 | J141: =(H141*0.08)+(I141*0.06) -> 0.0802 | K141: =SUM(H141:J141) -> 1.3202 | L141: =SUM(M141:O141) -> 1227.78 | M141: =TRUNC(G141*H141,2) -> 269.7 | N141: =TRUNC(G141*I141,2) -> 883.5 | O141: =TRUNC(G141*J141,2) -> 74.58
C142: [ Sub Total ] | L142: =SUBTOTAL(9,L135:L141) -> 12687.78 | M142: =SUBTOTAL(9,M135:M141) -> 3707.4 | N142: =SUBTOTAL(9,N135:N141) -> 8192.28 | O142: =SUBTOTAL(9,O135:O141) -> 788.1
C143: □ RENTAL EQUIPMENT
...

Sheet Details
C1: Project:POD INSPECTION
C2: No. | D2: Description | E2: Specification | F2: Units | G2: Calculation | I2: Quantity
G3: dist. | H3: piece
A4: 1 | C4: ■POD INSPECTION
A5: =A4+1 -> 2 | B5: =D5&E5 | C5: 1.POD INSPECTION
A6: =A5+1 -> 3 | B6: =D6&E6 -> NEW PANEL(PO-8001)600 AMP 480/277V NEMA1 | C6: □ POWER DISTRIBUTION PLAN | D6: NEW PANEL(PO-8001) | E6: 600 AMP 480/277V NEMA1 | F6: EA | G6: 1 | H6: 1 | I6: =G6*H6 -> 1
A7: =#REF!+1 -> #REF! | B7: =D7&E7 -> TRANSFORMER (TRO-8001)45KVA 480:208/120V NEMA1 | D7: TRANSFORMER (TRO-8001) | E7: 45KVA 480:208/120V NEMA1 | F7: EA | G7: 1 | H7: 1 | I7: =G7*H7 -> 1
A8: =#REF!+1 -> #REF! | B8: =D8&E8 -> NEW PANEL(PO-LDP)125 AMP 208/120V 3PH,4W 42CKT | D8: NEW PANEL(PO-LDP) | E8: 125 AMP 208/120V 3PH,4W 42CKT | F8: FT | G8: 1 | H8: 1 | I8: =G8*H8 -> 1
A9: =#REF!+1 -> #REF! | B9: =D9&E9 -> PVC CONDUIT, SCHEDULE 404" | D9: PVC CONDUIT, SCHEDULE 40 | E9: 4" | F9: FT | G9: 1000 | H9: 2 | I9: =G9*H9 -> 2000
A10: =#REF!+1 -> #REF! | B10: =D10&E10 -> PVC CONDUIT, SCHEDULE 40 ELBOW4" | D10: PVC CONDUIT, SCHEDULE 40 ELBOW | E10: 4" | F10: EA | G10: 8 | H10: 1 | I10: =G10*H10 -> 8
A11: =#REF!+1 -> #REF! | B11: =D11&E11 -> MANHOLE (CONCRETE TYPE)5'W x 5'H x 5'D | D11: MANHOLE (CONCRETE TYPE) | E11: 5'W x 5'H x 5'D | F11: EA | G11: 5 | H11: 1 | I11: =G11*H11 -> 5
A12: =#REF!+1 -> #REF! | B12: =D12&E12 -> Asphalt cutting, Excavate, Concrete back filling, Asphalt finish3'W x 4'H (Asphalt cutting) 110ft | D12: Asphalt cutting, Excavate, Concrete back filling, Asphalt finish | E12: 3'W x 4'H (Asphalt cutting) 110ft | F12: FT | G12: 1000 | H12: 1 | I12: =G12*H12 -> 1000
A13: =A5+1 -> 3 | B13: =D13&E13 -> Single Conductor (THHN/THWN) - StrandedAWG #350 | D13: Single Conductor (THHN/THWN) - Stranded | E13: AWG #350 | F13: FT | G13: 1100 | H13: 8 | I13: =G13*H13 -> 8800
A14: =A6+1 -> 4 | B14: =D14&E14 -> Single Conductor (THHN/THWN) - StrandedAWG #1/0 (GROUNDING) | D14: Single Conductor (THHN/THWN) - Stranded | E14: AWG #1/0 (GROUNDING) | F14: FT | G14: 1100 | H14: 2 | I14: =G14*H14 -> 2200
A15: =#REF!+1 -> #REF! | B15: =D15&E15 -> LIQUIDTIGHT FLEXIBLE CONDUIT1-1/2" | D15: LIQUIDTIGHT FLEXIBLE CONDUIT | E15: 1-1/2" | F15: FT | G15: 6 | H15: 1 | I15: =G15*H15 -> 6
A16: =#REF!+1 -> #REF! | B16: =D16&E16 -> CONDUIT HANGER SUPPORT1-1/2" | D16: CONDUIT HANGER SUPPORT | E16: 1-1/2" | F16: SET | G16: 4 | H16: 1 | I16: =G16*H16 -> 4
A17: =A9+1 -> #REF! | B17: =D17&E17 -> ELECTRICAL METALLIC TUBING (EMT)+FITTING1-1/2" | D17: ELECTRICAL METALLIC TUBING (EMT)+FITTING | E17: 1-1/2" | F17: FT | G17: 10 | H17: 1 | I17: =G17*H17 -> 10
A18: =A17+1 -> #REF! | B18: LG ENERGY SOLUTION | D18: Single Conductor (THHN/THWN-2) - Stranded | E18: AWG#4 | F18: FT | G18: 20 | H18: 3 | I18: =G18*H18 -> 60
A19: =A18+1 -> #REF! | B19: Parking lot C1_Highmast installation | D19: Single Conductor (THHN/THWN-2) - Stranded | E19: AWG#8(GROUNDING) | F19: FT | G19: 20 | H19: 1 | I19: =G19*H19 -> 20
A20: =A19+1 -> #REF! | B20: =D20&E20 -> Single Conductor (THHN/THWN-2) - StrandedAWG#1 | D20: Single Conductor (THHN/THWN-2) - Stranded | E20: AWG#1 | F20: FT | G20: 20 | H20: 4 | I20: =G20*H20 -> 80
B21: =D21&E21 -> Single Conductor (THHN/THWN-2) - StrandedAWG#6(GROUNDING) | D21: Single Conductor (THHN/THWN-2) - Stranded | E21: AWG#6(GROUNDING) | F21: FT | G21: 20 | H21: 1 | I21: =G21*H21 -> 20
B22: =D22&E22 -> LIQUIDTIGHT FLEXIBLE CONDUIT2" | D22: LIQUIDTIGHT FLEXIBLE CONDUIT | E22: 2" | F22: FT | G22: 6 | H22: 1 | I22: =G22*H22 -> 6
B23: =D23&E23 -> ELECTRICAL METALLIC TUBING (EMT)+FITTING2" | D23: ELECTRICAL METALLIC TUBING (EMT)+FITTING | E23: 2" | F23: FT | G23: 10 | H23: 1 | I23: =G23*H23 -> 10
B24: =D24&E24 -> CONDUIT HANGER SUPPORT2" | D24: CONDUIT HANGER SUPPORT | E24: 2" | F24: SET | G24: 4 | H24: 1 | I24: =G24*H24 -> 4
B25: =D25&E25 -> PVC CONDUIT, SCHEDULE 401" ( TR Ground) | D25: PVC CONDUIT, SCHEDULE 40 | E25: 1" ( TR Ground) | F25: FT | G25: 30 | H25: 1 | I25: =G25*H25 -> 30
B26: =D26&E26 -> Single Conductor (THHN/THWN-2) - StrandedAWG#6(TR GROUNDING) | D26: Single Conductor (THHN/THWN-2) - Stranded | E26: AWG#6(TR GROUNDING) | F26: FT | G26: 30 | H26: 1 | I26: =G26*H26 -> 30
B27: =D27&E27 -> CONNECTION AND TERMINATION#350 Kcmil COMPRESSION TYPE | D27: CONNECTION AND TERMINATION | E27: #350 Kcmil COMPRESSION TYPE | F27: EA | G27: 8 | H27: 2 | I27: =G27*H27 -> 16
B28: =D28&E28 -> CONNECTION AND TERMINATIONAWG#1/0 COMPRESSION TYPE | D28: CONNECTION AND TERMINATION | E28: AWG#1/0 COMPRESSION TYPE | F28: EA | G28: 2 | H28: 2 | I28: =G28*H28 -> 4
B29: =D29&E29 -> CONNECTION AND TERMINATIONAWG#1 COMPRESSION TYPE | D29: CONNECTION AND TERMINATION | E29: AWG#1 COMPRESSION TYPE | F29: EA | G29: 4 | H29: 2 | I29: =G29*H29 -> 8
B30: =D30&E30 -> CONNECTION AND TERMINATIONAWG#4 COMPRESSION TYPE | D30: CONNECTION AND TERMINATION | E30: AWG#4 COMPRESSION TYPE | F30: EA | G30: 3 | H30: 2 | I30: =G30*H30 -> 6
B31: =D31&E31 -> CONNECTION AND TERMINATIONAWG#6 COMPRESSION TYPE | D31: CONNECTION AND TERMINATION | E31: AWG#6 COMPRESSION TYPE | F31: EA | G31: 2 | H31: 1 | I31: =G31*H31 -> 2
B32: =D32&E32 -> CONNECTION AND TERMINATIONAWG#8 COMPRESSION TYPE | D32: CONNECTION AND TERMINATION | E32: AWG#8 COMPRESSION TYPE | F32: EA | G32: 4 | H32: 1 | I32: =G32*H32 -> 4
B33: =D33&E33 -> ALUMINUM CABLE TRAY (LADDER TYPE)24"Width, 4"height, 9"rung spacing | D33: ALUMINUM CABLE TRAY (LADDER TYPE) | E33: 24"Width, 4"height, 9"rung spacing | F33: FT | G33: =(150+20) -> 170 | H33: 1 | I33: =G33*H33 -> 170
B34: =D34&E34 -> ALUMINUM HORIZONTAL ELBOW (LADDER TYPE)24"Width, 4"height, 9"rung spacing | D34: ALUMINUM HORIZONTAL ELBOW (LADDER TYPE) | E34: 24"Width, 4"height, 9"rung spacing | F34: EA | G34: 2 | H34: 1 | I34: =G34*H34 -> 2
B35: =D35&E35 -> ALUMINUM VERTICAL ELBOW (LADDER TYPE)24"Width, 4"height, 9"rung spacing | D35: ALUMINUM VERTICAL ELBOW (LADDER TYPE) | E35: 24"Width, 4"height, 9"rung spacing | F35: EA | G35: 1 | H35: 1 | I35: =G35*H35 -> 1 | P35: G. TOTAL
B36: =D36&E36 -> CABLE TRAY SUPPORT24" Width including beam clamp, square washer, unistrut, 2 rods(length:4ft~8ft, dia: 9/16"), etc | D36: CABLE TRAY SUPPORT | E36: 24" Width including beam clamp, square washer, unistrut, 2 rods(length:4ft~8ft, dia: 9/16"), etc | F36: SET | G36: 29 | H36: 1 | I36: =G36*H36 -> 29
B37: =D37&E37 -> CABLE TRAY BONDING JUMPER12" | D37: CABLE TRAY BONDING JUMPER | E37: 12" | F37: EA | G37: 22 | H37: 1 | I37: =G37*H37 -> 22
B38: =D38&E38 | I38: =G38*H38 -> 0
B39: =D39&E39 | C39: □ GROUNDING PLAN | I39: =G39*H39 -> 0
B40: =D40&E40 -> Single Conductor (THHN/THWN) - BAREAWG#4/0(GROUNDING) | D40: Single Conductor (THHN/THWN) - BARE | E40: AWG#4/0(GROUNDING) | F40: FT | G40: =(460+80) -> 540 | H40: 1 | I40: =G40*H40 -> 540
B41: =D41&E41 -> Excavation /w backfillW8" x H24" MESH | D41: Excavation /w backfill | E41: W8" x H24" MESH | F41: FT | G41: 460 | H41: 1 | I41: =G41*H41 -> 460
B42: =D42&E42 -> PVC CONDUIT, SCHEDULE 401" | D42: PVC CONDUIT, SCHEDULE 40 | E42: 1" | F42: FT | G42: 40 | H42: 1 | I42: =G42*H42 -> 40
B43: =D43&E43 -> COPPER ROD3/4 " X 10 ' | D43: COPPER ROD | E43: 3/4 " X 10 ' | F43: EA | G43: 8 | H43: 1 | I43: =G43*H43 -> 8
B44: =D44&E44 -> EXOTHEMIC WELDING CONNECTION (COLUMN)Mold , Ultra Shot , #90 , Weld to Column | D44: EXOTHEMIC WELDING CONNECTION (COLUMN) | E44: Mold , Ultra Shot , #90 , Weld to Column | F44: EA | G44: 4 | H44: 1 | I44: =G44*H44 -> 4
B45: =D45&E45 -> EXOTHEMIC WELDING CONNECTION (GROUND ROD)Mold , Ultra Shot , #90 , Weld to Rod | D45: EXOTHEMIC WELDING CONNECTION (GROUND ROD) | E45: Mold , Ultra Shot , #90 , Weld to Rod | F45: EA | G45: 8 | H45: 1 | I45: =G45*H45 -> 8
B46: =D46&E46 | G46: 0 | H46: 1 | I46: =G46*H46 -> 0
B47: =D47&E47 | C47: □ MECHANICAL POWER PLAN | I47: =G47*H47 -> 0
B48: =D48&E48 | C48: □FORM_PO-8001 | G48: 0 | H48: 1 | I48: =G48*H48 -> 0
B49: =D49&E49 -> ELECTRICAL METALLIC TUBING (EMT)+FITTING3/4" | C49: □DO1 (SHUTTER) | D49: ELECTRICAL METALLIC TUBING (EMT)+FITTING | E49: 3/4" | F49: FT | G49: 40 | H49: 1 | I49: =G49*H49 -> 40
B50: =D50&E50 -> LIQUIDTIGHT FLEXIBLE CONDUIT3/4" | D50: LIQUIDTIGHT FLEXIBLE CONDUIT | E50: 3/4" | F50: FT | G50: 12 | H50: 1 | I50: =G50*H50 -> 12
B51: =D51&E51 -> CONDUIT HANGER SUPPORT3/4" | D51: CONDUIT HANGER SUPPORT | E51: 3/4" | F51: EA | G51: 11 | H51: 1 | I51: =G51*H51 -> 11
B52: =D52&E52 -> Multi Conductor (THHN/THWN-2) - Stranded(3PH+1N+GROUNDING) AWG#10 | D52: Multi Conductor (THHN/THWN-2) - Stranded | E52: (3PH+1N+GROUNDING) AWG#10 | F52: FT | G52: 80 | H52: 1 | I52: =G52*H52 -> 80
B53: =D53&E53 -> CONNECTION AND TERMINATIONAWG#10 COMPRESSION TYPE | D53: CONNECTION AND TERMINATION | E53: AWG#10 COMPRESSION TYPE | F53: EA | G53: 4 | H53: 4 | I53: =G53*H53 -> 16
B54: =D54&E54 -> DISCONNECT SWITCH480V, 30 NEMA 1 (Without Fuse) | D54: DISCONNECT SWITCH | E54: 480V, 30 NEMA 1 (Without Fuse) | F54: EA | G54: 1 | H54: 1 | I54: =G54*H54 -> 1
B55: =D55&E55 -> ELECTRICAL METALLIC TUBING (EMT)+FITTING3/4" | C55: □DO2 (SHUTTER) | D55: ELECTRICAL METALLIC TUBING (EMT)+FITTING | E55: 3/4" | F55: FT | G55: 70 | H55: 1 | I55: =G55*H55 -> 70
B56: =D56&E56 -> LIQUIDTIGHT FLEXIBLE CONDUIT3/4" | D56: LIQUIDTIGHT FLEXIBLE CONDUIT | E56: 3/4" | F56: FT | G56: 12 | H56: 1 | I56: =G56*H56 -> 12
B57: =D57&E57 -> CONDUIT HANGER SUPPORT3/4" | D57: CONDUIT HANGER SUPPORT | E57: 3/4" | F57: EA | G57: 16 | H57: 1 | I57: =G57*H57 -> 16
B58: =D58&E58 -> Multi Conductor (THHN/THWN-2) - Stranded(3PH+1N+GROUNDING) AWG#10 | D58: Multi Conductor (THHN/THWN-2) - Stranded | E58: (3PH+1N+GROUNDING) AWG#10 | F58: FT | G58: 110 | H58: 1 | I58: =G58*H58 -> 110
B59: =D59&E59 -> CONNECTION AND TERMINATIONAWG#10 COMPRESSION TYPE | D59: CONNECTION AND TERMINATION | E59: AWG#10 COMPRESSION TYPE | F59: EA | G59: 4 | H59: 4 | I59: =G59*H59 -> 16
B60: =D60&E60 -> DISCONNECT SWITCH480V, 30 NEMA 1 (Without Fuse) | D60: DISCONNECT SWITCH | E60: 480V, 30 NEMA 1 (Without Fuse) | F60: EA | G60: 1 | H60: 1 | I60: =G60*H60 -> 1
B61: =D61&E61 -> ELECTRICAL METALLIC TUBING (EMT)+FITTING3/4" | C61: □DO3 (SHUTTER) | D61: ELECTRICAL METALLIC TUBING (EMT)+FITTING | E61: 3/4" | F61: FT | G61: 100 | H61: 1 | I61: =G61*H61 -> 100
B62: =D62&E62 -> LIQUIDTIGHT FLEXIBLE CONDUIT3/4" | D62: LIQUIDTIGHT FLEXIBLE CONDUIT | E62: 3/4" | F62: FT | G62: 12 | H62: 1 | I62: =G62*H62 -> 12
B63: =D63&E63 -> CONDUIT HANGER SUPPORT3/4" | D63: CONDUIT HANGER SUPPORT | E63: 3/4" | F63: EA | G63: 21 | H63: 1 | I63: =G63*H63 -> 21
B64: =D64&E64 -> Multi Conductor (THHN/THWN-2) - Stranded(3PH+1N+GROUNDING) AWG#10 | D64: Multi Conductor (THHN/THWN-2) - Stranded | E64: (3PH+1N+GROUNDING) AWG#10 | F64: FT | G64: 140 | H64: 1 | I64: =G64*H64 -> 140
B65: =D65&E65 -> CONNECTION AND TERMINATIONAWG#10 COMPRESSION TYPE | D65: CONNECTION AND TERMINATION | E65: AWG#10 COMPRESSION TYPE | F65: EA | G65: 4 | H65: 4 | I65: =G65*H65 -> 16
B66: =D66&E66 -> DISCONNECT SWITCH480V, 30 NEMA 1 (Without Fuse) | D66: DISCONNECT SWITCH | E66: 480V, 30 NEMA 1 (Without Fuse) | F66: EA | G66: 1 | H66: 1 | I66: =G66*H66 -> 1
B67: =D67&E67 -> ELECTRICAL METALLIC TUBING (EMT)+FITTING3/4" | C67: □DO4 (SHUTTER) | D67: ELECTRICAL METALLIC TUBING (EMT)+FITTING | E67: 3/4" | F67: FT | G67: 50 | H67: 1 | I67: =G67*H67 -> 50
B68: =D68&E68 -> LIQUIDTIGHT FLEXIBLE CONDUIT3/4" | D68: LIQUIDTIGHT FLEXIBLE CONDUIT | E68: 3/4" | F68: FT | G68: 12 | H68: 1 | I68: =G68*H68 -> 12
B69: =D69&E69 -> CONDUIT HANGER SUPPORT3/4" | D69: CONDUIT HANGER SUPPORT | E69: 3/4" | F69: EA | G69: 11 | H69: 1 | I69: =G69*H69 -> 11
B70: =D70&E70 -> Multi Conductor (THHN/THWN-2) - Stranded(3PH+1N+GROUNDING) AWG#10 | D70: Multi Conductor (THHN/THWN-2) - Stranded | E70: (3PH+1N+GROUNDING) AWG#10 | F70: FT | G70: 160 | H70: 1 | I70: =G70*H70 -> 160
B71: =D71&E71 -> CONNECTION AND TERMINATIONAWG#10 COMPRESSION TYPE | D71: CONNECTION AND TERMINATION | E71: AWG#10 COMPRESSION TYPE | F71: EA | G71: 4 | H71: 4 | I71: =G71*H71 -> 16
B72: =D72&E72 -> DISCONNECT SWITCH480V, 30 NEMA 1 (Without Fuse) | D72: DISCONNECT SWITCH | E72: 480V, 30 NEMA 1 (Without Fuse) | F72: EA | G72: 1 | H72: 1 | I72: =G72*H72 -> 1
B73: =D73&E73 -> ELECTRICAL METALLIC TUBING (EMT)+FITTING3/4" | C73: □DO5 (SHUTTER) | D73: ELECTRICAL METALLIC TUBING (EMT)+FITTING | E73: 3/4" | F73: FT | G73: 50 | H73: 1 | I73: =G73*H73 -> 50
B74: =D74&E74 -> LIQUIDTIGHT FLEXIBLE CONDUIT3/4" | D74: LIQUIDTIGHT FLEXIBLE CONDUIT | E74: 3/4" | F74: FT | G74: 12 | H74: 1 | I74: =G74*H74 -> 12
B75: =D75&E75 -> CONDUIT HANGER SUPPORT3/4" | D75: CONDUIT HANGER SUPPORT | E75: 3/4" | F75: EA | G75: 11 | H75: 1 | I75: =G75*H75 -> 11
B76: =D76&E76 -> Multi Conductor (THHN/THWN-2) - Stranded(3PH+1N+GROUNDING) AWG#10 | D76: Multi Conductor (THHN/THWN-2) - Stranded | E76: (3PH+1N+GROUNDING) AWG#10 | F76: FT | G76: 190 | H76: 1 | I76: =G76*H76 -> 190
B77: =D77&E77 -> CONNECTION AND TERMINATIONAWG#10 COMPRESSION TYPE | D77: CONNECTION AND TERMINATION | E77: AWG#10 COMPRESSION TYPE | F77: EA | G77: 4 | H77: 4 | I77: =G77*H77 -> 16
B78: =D78&E78 -> DISCONNECT SWITCH480V, 30 NEMA 1 (Without Fuse) | D78: DISCONNECT SWITCH | E78: 480V, 30 NEMA 1 (Without Fuse) | F78: EA | G78: 1 | H78: 1 | I78: =G78*H78 -> 1
B79: =D79&E79 -> ELECTRICAL METALLIC TUBING (EMT)+FITTING3/4" | C79: □DO6 (SHUTTER) | D79: ELECTRICAL METALLIC TUBING (EMT)+FITTING | E79: 3/4" | F79: FT | G79: 50 | H79: 1 | I79: =G79*H79 -> 50
B80: =D80&E80 -> LIQUIDTIGHT FLEXIBLE CONDUIT3/4" | D80: LIQUIDTIGHT FLEXIBLE CONDUIT | E80: 3/4" | F80: FT | G80: 12 | H80: 1 | I80: =G80*H80 -> 12
B81: =D81&E81 -> CONDUIT HANGER SUPPORT3/4" | D81: CONDUIT HANGER SUPPORT | E81: 3/4" | F81: EA | G81: 11 | H81: 1 | I81: =G81*H81 -> 11
B82: =D82&E82 -> Multi Conductor (THHN/THWN-2) - Stranded(3PH+1N+GROUNDING) AWG#10 | D82: Multi Conductor (THHN/THWN-2) - Stranded | E82: (3PH+1N+GROUNDING) AWG#10 | F82: FT | G82: 220 | H82: 1 | I82: =G82*H82 -> 220
B83: =D83&E83 -> CONNECTION AND TERMINATIONAWG#10 COMPRESSION TYPE | D83: CONNECTION AND TERMINATION | E83: AWG#10 COMPRESSION TYPE | F83: EA | G83: 4 | H83: 4 | I83: =G83*H83 -> 16
B84: =D84&E84 -> DISCONNECT SWITCH480V, 30 NEMA 1 (Without Fuse) | D84: DISCONNECT SWITCH | E84: 480V, 30 NEMA 1 (Without Fuse) | F84: EA | G84: 1 | H84: 1 | I84: =G84*H84 -> 1
B85: =D85&E85 -> ELECTRICAL METALLIC TUBING (EMT)+FITTING2-1/2" | C85: □PLC1 CONTROL PANEL-1 | D85: ELECTRICAL METALLIC TUBING (EMT)+FITTING | E85: 2-1/2" | F85: FT | G85: 30 | H85: 1 | I85: =G85*H85 -> 30
B86: =D86&E86 -> ELECTRICAL METALLIC TUBING (EMT) ELBOW2-1/2" | D86: ELECTRICAL METALLIC TUBING (EMT) ELBOW | E86: 2-1/2" | F86: EA | G86: 1 | H86: 1 | I86: =G86*H86 -> 1
B87: =D87&E87 -> CONDUIT HANGER SUPPORT2-1/2" | D87: CONDUIT HANGER SUPPORT | E87: 2-1/2" | F87: EA | G87: 5 | H87: 1 | I87: =G87*H87 -> 5
B88: =D88&E88 -> Single Conductor (THHN/THWN-2) - StrandedAWG#3/0 | D88: Single Conductor (THHN/THWN-2) - Stranded | E88: AWG#3/0 | F88: FT | G88: 150 | H88: 3 | I88: =G88*H88 -> 450
B89: =D89&E89 -> Single Conductor (THHN/THWN-2) - StrandedAWG#6(GROUNDING) | D89: Single Conductor (THHN/THWN-2) - Stranded | E89: AWG#6(GROUNDING) | F89: FT | G89: 150 | H89: 1 | I89: =G89*H89 -> 150
B90: =D90&E90 -> CONNECTION AND TERMINATIONAWG#3/0 COMPRESSION TYPE | D90: CONNECTION AND TERMINATION | E90: AWG#3/0 COMPRESSION TYPE | F90: EA | G90: 3 | H90: 2 | I90: =G90*H90 -> 6
B91: =D91&E91 -> CONNECTION AND TERMINATIONAWG#6 COMPRESSION TYPE | D91: CONNECTION AND TERMINATION | E91: AWG#6 COMPRESSION TYPE | F91: EA | G91: 1 | H91: 2 | I91: =G91*H91 -> 2
B92: =D92&E92 -> ELECTRICAL METALLIC TUBING (EMT)+FITTING2-1/2" | C92: □PLC2 CONTROL PANEL-2 | D92: ELECTRICAL METALLIC TUBING (EMT)+FITTING | E92: 2-1/2" | F92: FT | G92: 30 | H92: 1 | I92: =G92*H92 -> 30
B93: =D93&E93 -> ELECTRICAL METALLIC TUBING (EMT) ELBOW2-1/2" | D93: ELECTRICAL METALLIC TUBING (EMT) ELBOW | E93: 2-1/2" | F93: EA | G93: 1 | H93: 1 | I93: =G93*H93 -> 1
B94: =D94&E94 -> CONDUIT HANGER SUPPORT2-1/2" | D94: CONDUIT HANGER SUPPORT | E94: 2-1/2" | F94: EA | G94: 5 | H94: 1 | I94: =G94*H94 -> 5
B95: =D95&E95 -> Single Conductor (THHN/THWN-2) - StrandedAWG#3/0 | D95: Single Conductor (THHN/THWN-2) - Stranded | E95: AWG#3/0 | F95: FT | G95: 180 | H95: 3 | I95: =G95*H95 -> 540
B96: =D96&E96 -> Single Conductor (THHN/THWN-2) - StrandedAWG#6(GROUNDING) | D96: Single Conductor (THHN/THWN-2) - Stranded | E96: AWG#6(GROUNDING) | F96: FT | G96: 180 | H96: 1 | I96: =G96*H96 -> 180
B97: =D97&E97 -> CONNECTION AND TERMINATIONAWG#3/0 COMPRESSION TYPE | D97: CONNECTION AND TERMINATION | E97: AWG#3/0 COMPRESSION TYPE | F97: EA | G97: 3 | H97: 2 | I97: =G97*H97 -> 6
B98: =D98&E98 -> CONNECTION AND TERMINATIONAWG#6 COMPRESSION TYPE | D98: CONNECTION AND TERMINATION | E98: AWG#6 COMPRESSION TYPE | F98: EA | G98: 1 | H98: 2 | I98: =G98*H98 -> 2
B99: =D99&E99 -> ELECTRICAL METALLIC TUBING (EMT)+FITTING2-1/2" | C99: □PLC3 CONTROL PANEL-3 | D99: ELECTRICAL METALLIC TUBING (EMT)+FITTING | E99: 2-1/2" | F99: FT | G99: 30 | H99: 1 | I99: =G99*H99 -> 30
B100: =D100&E100 -> ELECTRICAL METALLIC TUBING (EMT) ELBOW2-1/2" | D100: ELECTRICAL METALLIC TUBING (EMT) ELBOW | E100: 2-1/2" | F100: EA | G100: 1 | H100: 1 | I100: =G100*H100 -> 1
...
